ID,Username,Password,Security Question,Answer
1,Aiden,abc,Your favourite place?,Monza
2,Peter,abcd1234,Your pet name?,cookie
3,DannyRic,f1f1f1,What is your favourite colour?,black
4,torpedo,kvyat,Your favourite place?,Chinese Grand Prix
6,ishi,largeScale,abcd,abcd
7,ishi,largeScale,abcd,abcd
8,ishi,largeScale,abcd,abcd
9,ishi,largeScale,abcd,abcd
10,ishi,largeScale,abcd,abcd
11,ishi,largeScale,abcd,abcd
12,Laura,1234,What is your favourite colour?,purple
13,,,Your favourite place?,
14,,,Your favourite place?,
15,,,Your favourite place?,
16,,,Your favourite place?,
